id,school_id,begin,end,created,modified
449,833,2015-04-07 00:00:00-04,2015-04-23 00:00:00-04,2015-04-07 12:27:08.703575-04,2015-04-07 12:27:15.013343-04
27,1255,2014-03-26 11:26:56-04,2014-04-13 11:26:56-04,2014-08-01 13:17:12.78156-04,2014-08-05 12:55:26.129568-04
607,1445,2017-02-27 00:00:00-05,2017-03-10 00:00:00-05,2017-02-27 08:46:44.35363-05,2017-02-27 08:46:44.353644-05
256,872,2014-08-12 00:00:00-04,2014-08-26 00:00:00-04,2014-08-11 09:15:38.848427-04,2014-08-11 09:15:38.848442-04
450,1858,2011-05-05 00:00:00-04,2011-05-27 00:00:00-04,2015-04-08 23:50:44.49912-04,2015-04-08 23:50:44.499135-04
408,1483,2015-03-15 00:00:00-04,2015-03-29 00:00:00-04,2015-03-09 11:38:53.19829-04,2015-03-09 11:38:53.198307-04
235,1887,2014-08-07 00:00:00-04,2014-08-14 00:00:00-04,2014-08-07 17:36:13.421909-04,2014-08-07 17:36:13.421925-04
313,1504,2014-09-03 00:00:00-04,2014-09-29 00:00:00-04,2014-09-03 13:21:56.138066-04,2014-09-03 13:21:56.13808-04
315,1503,2014-09-03 00:00:00-04,2014-09-29 00:00:00-04,2014-09-03 13:22:28.319732-04,2014-09-03 13:22:28.319747-04
317,1515,2014-09-03 00:00:00-04,2014-09-29 00:00:00-04,2014-09-03 13:22:44.392838-04,2014-09-03 13:22:44.392854-04
319,1517,2014-09-03 00:00:00-04,2014-09-29 00:00:00-04,2014-09-03 13:22:59.881938-04,2014-09-03 13:22:59.881954-04
321,1505,2014-09-03 00:00:00-04,2014-09-29 00:00:00-04,2014-09-03 13:23:11.724631-04,2014-09-03 13:23:11.724648-04
38,1807,2014-03-10 20:32:20-04,2014-04-02 09:41:50-04,2014-08-01 13:17:13.058643-04,2014-08-08 12:27:52.423126-04
51,1365,2013-12-02 10:44:33-05,2013-12-22 10:16:17-05,2014-08-01 13:17:13.323678-04,2014-08-08 12:33:00.312897-04
62,1796,2014-03-17 16:47:00-04,2014-03-28 10:05:01-04,2014-08-01 13:17:13.495545-04,2014-08-08 12:34:02.256883-04
83,777,2013-10-31 14:39:51-04,2013-11-15 05:12:06-05,2014-08-01 13:17:13.82233-04,2014-08-08 12:36:12.841842-04
86,1290,2013-11-26 08:37:18-05,2013-12-20 21:38:25-05,2014-08-01 13:17:13.864294-04,2014-08-08 12:36:52.042119-04
100,1968,2013-10-09 18:25:28-04,2013-11-12 05:51:18-05,2014-08-01 13:17:14.291748-04,2014-08-08 12:37:46.086031-04
102,1795,2014-03-17 16:18:57-04,2014-04-05 11:50:15-04,2014-08-01 13:17:14.315156-04,2014-08-08 12:38:05.132648-04
108,1377,2014-01-17 17:32:30-05,2014-02-26 17:32:30-05,2014-08-01 13:17:14.341758-04,2014-08-08 12:38:56.774109-04
109,778,2013-10-31 14:43:11-04,2013-11-16 19:03:12-05,2014-08-01 13:17:14.401593-04,2014-08-08 12:39:31.442236-04
572,1260,2016-03-01 00:00:00-05,2016-03-15 00:00:00-04,2016-02-25 11:04:03.445416-05,2016-02-26 11:31:53.135409-05
114,1379,2014-01-16 16:25:09-05,2014-02-26 18:49:16-05,2014-08-01 13:17:14.48181-04,2014-08-08 12:40:28.994661-04
325,1530,2014-09-03 00:00:00-04,2014-09-29 00:00:00-04,2014-09-03 13:23:54.540058-04,2014-09-03 13:23:54.540074-04
258,2468,2013-07-23 00:00:00-04,2013-07-24 00:00:00-04,2014-08-11 11:06:00.77003-04,2014-08-11 11:06:00.770044-04
24,3,2013-06-14 18:36:32.979613-04,2013-06-25 16:47:19.258718-04,2014-08-01 13:17:12.589657-04,2014-08-01 13:17:12.589682-04
260,2446,2013-07-23 00:00:00-04,2013-07-23 12:00:00-04,2014-08-11 11:23:58.112676-04,2014-08-11 11:23:58.11269-04
262,2451,2013-07-19 06:00:00-04,2013-07-20 00:00:00-04,2014-08-11 11:26:08.698911-04,2014-08-11 11:26:08.698926-04
399,1897,2015-03-04 00:00:00-05,2015-03-18 00:00:00-04,2015-02-27 09:35:34.960358-05,2015-03-09 14:05:31.084974-04
268,2424,2012-06-01 00:00:00-04,2012-06-02 00:00:00-04,2014-08-13 15:33:40.906858-04,2014-08-13 15:33:40.906872-04
331,1508,2014-09-03 00:00:00-04,2014-09-29 00:00:00-04,2014-09-03 13:26:33.94878-04,2014-09-03 13:26:33.948797-04
333,1497,2014-09-03 00:00:00-04,2014-09-29 00:00:00-04,2014-09-03 13:26:52.685948-04,2014-09-03 13:26:52.685961-04
280,2428,2012-05-31 00:00:00-04,2012-06-03 00:00:00-04,2014-08-13 16:30:35.126395-04,2014-08-13 16:30:35.12641-04
274,1859,2012-06-01 00:00:00-04,2012-06-02 00:00:00-04,2014-08-13 15:47:23.529964-04,2014-08-13 16:35:36.322449-04
416,2094,2015-04-01 00:00:00-04,2015-04-15 00:00:00-04,2015-03-23 11:43:49.637935-04,2015-03-23 11:43:49.637951-04
345,1927,2014-10-08 00:00:00-04,2014-10-25 00:00:00-04,2014-10-08 09:45:17.769927-04,2014-10-08 09:45:17.769942-04
347,1925,2014-10-08 00:00:00-04,2014-10-25 00:00:00-04,2014-10-08 09:46:52.831598-04,2014-10-08 09:46:52.831612-04
451,1860,2011-05-05 00:00:00-04,2011-05-27 00:00:00-04,2015-04-09 00:18:11.650307-04,2015-04-09 00:18:11.650321-04
453,1857,2011-05-05 00:00:00-04,2011-05-27 00:00:00-04,2015-04-09 14:06:00.722369-04,2015-04-09 14:06:00.722383-04
454,825,2015-03-27 00:00:00-04,2015-04-10 00:00:00-04,2015-04-13 15:04:33.257551-04,2015-04-13 15:04:33.257566-04
422,252,2015-04-03 00:00:00-04,2015-04-17 00:00:00-04,2015-03-26 15:21:19.770395-04,2015-03-26 15:21:19.77041-04
357,1071,2014-10-16 00:00:00-04,2014-10-30 00:00:00-04,2014-10-10 08:39:52.539669-04,2014-10-10 08:39:52.539685-04
541,2073,2015-08-28 00:00:00-04,2015-09-14 00:00:00-04,2015-08-28 09:36:07.557599-04,2015-08-28 09:36:07.557614-04
359,1538,2014-10-14 00:00:00-04,2014-11-14 00:00:00-05,2014-10-14 20:43:51.681753-04,2014-10-14 20:43:51.681771-04
387,1886,2015-01-22 00:00:00-05,2015-01-23 00:00:00-05,2015-01-22 14:18:52.560515-05,2015-04-17 11:59:44.228112-04
92,1858,2014-05-26 15:38:41-04,2014-06-09 14:05:49-04,2014-08-01 13:17:14.174013-04,2014-08-18 15:11:25.216455-04
455,1978,2015-05-01 00:00:00-04,2015-05-15 00:00:00-04,2015-04-14 12:35:40.230068-04,2015-04-14 12:35:40.230083-04
71,68,2013-12-01 00:00:00-05,2014-01-26 00:00:00-05,2014-08-01 13:17:13.593427-04,2014-08-28 10:14:01.473999-04
362,1510,2014-10-23 00:00:00-04,2014-10-30 00:00:00-04,2014-10-23 12:56:04.747969-04,2014-10-23 12:56:04.747982-04
366,1451,2014-10-24 00:00:00-04,2014-11-11 00:00:00-05,2014-10-24 12:27:54.821278-04,2014-10-24 12:27:54.821292-04
329,1510,2014-09-03 00:00:00-04,2014-09-30 00:00:00-04,2014-09-03 13:24:57.838798-04,2014-10-30 16:12:35.140113-04
323,1498,2014-09-03 00:00:00-04,2014-09-29 00:00:00-04,2014-09-03 13:23:30.803724-04,2014-10-31 10:08:24.139947-04
457,737,2015-03-11 00:00:00-04,2015-03-26 00:00:00-04,2015-04-16 12:59:08.892189-04,2015-04-16 12:59:08.892205-04
373,958,2014-11-07 00:00:00-05,2014-11-21 00:00:00-05,2014-11-06 17:11:09.842535-05,2014-11-06 17:16:28.012809-05
302,1886,2014-08-13 00:00:00-04,2014-12-31 00:00:00-05,2014-08-14 15:39:20.140278-04,2015-04-17 11:59:44.231843-04
429,612,2015-03-31 00:00:00-04,2015-05-05 00:00:00-04,2015-03-30 08:59:16.700609-04,2015-03-30 08:59:25.342427-04
430,614,2015-03-31 00:00:00-04,2015-05-05 00:00:00-04,2015-03-30 09:00:33.325125-04,2015-03-30 09:00:39.354739-04
432,613,2015-03-31 00:00:00-04,2015-05-05 00:00:00-04,2015-03-30 09:01:44.95715-04,2015-03-30 09:01:50.083276-04
239,1892,2014-08-07 00:00:00-04,2014-08-14 00:00:00-04,2014-08-07 17:37:09.174955-04,2015-04-17 12:00:04.335035-04
395,1975,2015-02-27 00:00:00-05,2015-03-12 00:00:00-04,2015-02-23 14:11:58.366112-05,2015-02-23 14:12:05.808861-05
397,1672,2015-03-12 00:00:00-04,2015-03-26 00:00:00-04,2015-02-23 14:14:17.265598-05,2015-02-23 14:14:17.265613-05
434,2823,2014-11-07 00:00:00-05,2014-11-21 00:00:00-05,2015-03-30 11:35:15.350396-04,2015-03-30 11:35:15.350413-04
81,1792,2014-03-17 00:00:00-04,2014-03-28 00:00:00-04,2014-08-01 13:17:13.762501-04,2015-03-30 13:04:10.450237-04
483,1892,2015-04-27 00:00:00-04,2015-05-11 00:00:00-04,2015-04-17 12:00:04.337508-04,2015-04-17 12:00:04.337522-04
355,1069,2014-10-16 00:00:00-04,2014-10-30 00:00:00-04,2014-10-10 08:38:43.753263-04,2015-02-27 15:01:53.757222-05
436,1792,2015-03-30 00:00:00-04,2015-04-15 00:00:00-04,2015-03-30 13:04:10.45389-04,2015-03-30 13:04:10.453904-04
437,2825,2014-11-07 00:00:00-05,2014-11-21 00:00:00-05,2015-03-30 14:38:19.962177-04,2015-03-30 14:38:19.962192-04
440,1434,2015-04-01 00:00:00-04,2015-04-15 00:00:00-04,2015-04-01 15:24:58.249523-04,2017-02-16 11:07:12.395599-05
512,1760,2015-05-22 00:00:00-04,2015-06-05 00:00:00-04,2015-05-26 11:47:04.18072-04,2015-06-22 09:30:23.931293-04
549,69,2015-10-08 00:00:00-04,2015-10-22 00:00:00-04,2015-09-21 10:56:38.553038-04,2017-01-13 14:46:12.944736-05
446,834,2015-04-06 00:00:00-04,2015-04-21 00:00:00-04,2015-04-06 11:39:16.879889-04,2015-04-06 11:39:34.018619-04
486,2418,2011-05-01 00:00:00-04,2011-05-27 00:00:00-04,2015-04-21 14:57:30.217058-04,2015-04-21 14:57:30.217071-04
487,742,2015-03-02 00:00:00-05,2015-03-17 00:00:00-04,2015-04-21 16:01:00.594092-04,2015-04-21 16:01:00.594105-04
42,1854,2014-05-21 00:00:00-04,2014-06-09 00:00:00-04,2014-08-01 13:17:13.179688-04,2015-04-16 16:27:48.587864-04
488,2511,2015-04-25 00:00:00-04,2015-05-09 00:00:00-04,2015-04-21 16:44:35.123631-04,2015-04-21 16:44:35.123647-04
31,1848,2014-06-01 00:00:00-04,2014-06-09 00:00:00-04,2014-08-01 13:17:12.945134-04,2015-04-16 16:34:49.389689-04
471,738,2015-04-27 00:00:00-04,2015-05-11 00:00:00-04,2015-04-17 09:27:58.345154-04,2015-04-17 09:27:58.34517-04
473,2062,2015-04-26 00:00:00-04,2015-05-11 00:00:00-04,2015-04-17 09:29:47.343751-04,2015-04-17 09:29:47.343767-04
475,741,2015-04-17 00:00:00-04,2015-04-18 00:00:00-04,2015-04-17 11:19:26.727175-04,2015-04-17 11:19:26.727189-04
477,1889,2015-04-27 00:00:00-04,2015-05-11 00:00:00-04,2015-04-17 11:58:02.804635-04,2015-04-17 11:58:02.804651-04
282,1893,2014-08-07 00:00:00-04,2014-12-01 00:00:00-05,2014-08-13 17:09:21.319651-04,2015-04-17 11:58:19.018663-04
298,1890,2014-08-13 00:00:00-04,2014-12-31 00:00:00-05,2014-08-14 15:34:59.186827-04,2015-04-17 11:58:40.754462-04
479,1890,2015-04-27 00:00:00-04,2015-05-11 00:00:00-04,2015-04-17 11:58:40.759008-04,2015-04-17 11:58:40.759021-04
300,1888,2014-08-13 00:00:00-04,2014-12-31 00:00:00-05,2014-08-14 15:37:00.346803-04,2015-04-17 11:59:17.774965-04
481,1888,2015-04-27 00:00:00-04,2015-05-11 00:00:00-04,2015-04-17 11:59:17.777777-04,2015-04-17 11:59:17.777791-04
507,1296,2015-04-05 00:00:00-04,2015-04-28 00:00:00-04,2015-05-12 15:00:55.821408-04,2015-05-12 15:01:44.911706-04
543,2077,2015-08-28 00:00:00-04,2015-09-14 00:00:00-04,2015-08-28 09:40:54.888746-04,2015-08-28 09:40:54.888762-04
514,1815,2015-06-08 00:00:00-04,2015-06-19 00:00:00-04,2015-05-29 11:13:59.619768-04,2015-05-29 11:13:59.619782-04
493,1408,2015-05-05 00:00:00-04,2015-05-20 00:00:00-04,2015-05-05 11:10:53.494413-04,2015-06-24 12:11:39.794432-04
515,609,2015-05-11 00:00:00-04,2015-05-29 00:00:00-04,2015-05-29 21:03:18.547882-04,2015-05-29 21:03:18.547895-04
544,1494,2015-09-02 00:00:00-04,2015-09-16 00:00:00-04,2015-09-03 10:23:34.999758-04,2015-09-03 10:23:34.999772-04
520,254,2012-05-31 00:00:00-04,2012-06-15 00:00:00-04,2015-07-13 18:43:02.119786-04,2015-07-13 18:44:02.396219-04
539,2075,2015-08-28 00:00:00-04,2015-09-14 00:00:00-04,2015-08-28 09:34:49.206954-04,2015-08-28 09:34:49.20697-04
551,123,2015-09-21 00:00:00-04,2015-10-05 00:00:00-04,2015-10-05 15:20:26.882781-04,2015-10-05 15:20:26.882795-04
552,1109,2015-10-13 00:00:00-04,2015-10-30 00:00:00-04,2015-10-13 07:43:48.984387-04,2015-10-13 07:43:48.984401-04
537,2076,2015-08-28 00:00:00-04,2015-09-14 00:00:00-04,2015-08-28 09:33:23.766675-04,2015-10-15 09:46:26.143561-04
553,2076,2015-10-15 00:00:00-04,2015-10-30 00:00:00-04,2015-10-15 09:46:26.147521-04,2015-10-15 09:46:26.147535-04
48,74,2013-12-05 00:00:00-05,2014-01-06 00:00:00-05,2014-08-01 13:17:13.232851-04,2015-09-11 13:43:04.269503-04
548,74,2015-09-15 00:00:00-04,2015-09-29 00:00:00-04,2015-09-11 13:43:04.272634-04,2015-09-11 13:43:04.272648-04
555,486,2015-11-16 00:00:00-05,2015-11-30 00:00:00-05,2015-11-03 08:30:17.178094-05,2015-11-03 08:30:17.178111-05
556,1481,2015-11-24 00:00:00-05,2015-12-04 00:00:00-05,2015-11-23 21:27:09.462529-05,2015-11-23 21:27:09.462543-05
561,1849,2015-12-21 00:00:00-05,2016-01-15 00:00:00-05,2015-12-22 13:16:55.085852-05,2015-12-22 13:16:55.085867-05
494,670,2015-05-13 00:00:00-04,2015-05-27 00:00:00-04,2015-05-11 12:26:24.290104-04,2015-12-09 10:37:21.577635-05
560,670,2015-10-01 00:00:00-04,2015-10-30 00:00:00-04,2015-12-09 10:37:21.581043-05,2015-12-09 10:37:21.581057-05
562,1046,2016-01-25 00:00:00-05,2016-02-08 00:00:00-05,2016-01-04 15:14:33.529299-05,2016-01-04 15:14:33.529314-05
566,889,2016-01-01 00:00:00-05,2016-01-15 00:00:00-05,2016-01-20 14:56:06.555336-05,2016-01-20 14:56:06.555352-05
568,119,2016-02-22 00:00:00-05,2016-03-07 00:00:00-05,2016-02-15 14:42:43.542138-05,2016-02-15 14:42:43.542155-05
570,121,2016-02-22 00:00:00-05,2016-03-07 00:00:00-05,2016-02-15 14:44:08.723039-05,2016-02-15 14:44:08.723055-05
576,461,2016-02-29 00:00:00-05,2016-03-21 00:00:00-04,2016-02-29 08:14:23.092109-05,2016-02-29 08:14:23.092127-05
574,1260,2016-02-26 00:00:00-05,2016-02-27 00:00:00-05,2016-02-26 11:31:53.138239-05,2016-02-26 11:31:53.138253-05
113,1256,2014-07-06 00:00:00-04,2014-07-07 00:00:00-04,2014-08-01 13:17:14.464892-04,2016-02-26 11:32:06.122428-05
577,298,2016-03-21 00:00:00-04,2016-04-04 00:00:00-04,2016-03-11 12:39:57.82469-05,2016-03-11 12:39:57.824705-05
578,1267,2016-04-04 00:00:00-04,2016-04-15 00:00:00-04,2016-04-04 08:57:33.266046-04,2016-04-04 08:57:33.266061-04
438,1444,2015-04-01 00:00:00-04,2015-04-15 00:00:00-04,2015-04-01 15:22:22.015659-04,2017-02-16 11:07:00.432485-05
130,1378,2014-01-17 07:49:49-05,2014-01-28 07:49:49-05,2014-08-01 13:17:14.830047-04,2014-08-08 12:42:27.44088-04
138,1258,2014-02-06 13:35:23-05,2014-03-27 17:52:46-04,2014-08-01 13:17:14.945002-04,2014-08-08 12:43:18.506659-04
141,1789,2014-03-20 16:27:07-04,2014-04-13 11:18:27-04,2014-08-01 13:17:15.009377-04,2014-08-08 12:46:50.840714-04
144,1375,2013-08-08 00:00:00-04,2013-08-08 00:00:00-04,2014-08-01 13:17:15.04546-04,2017-05-23 14:13:24.343183-04
156,1797,2014-03-17 15:52:54-04,2014-04-06 11:33:28-04,2014-08-01 13:17:15.170338-04,2014-08-08 12:48:19.193338-04
121,1794,2014-03-18 17:57:46.163108-04,2014-03-27 15:51:47.1277-04,2014-08-01 13:17:14.525992-04,2014-08-01 13:17:14.526005-04
511,860,2015-05-04 00:00:00-04,2015-05-26 00:00:00-04,2015-05-13 15:52:50.479261-04,2015-05-13 15:52:57.286983-04
303,1894,2014-08-13 00:00:00-04,2014-12-31 00:00:00-05,2014-08-14 15:40:24.557622-04,2015-04-17 12:00:27.008177-04
172,1800,2014-03-19 10:07:19-04,2014-03-25 10:07:19-04,2014-08-01 13:17:15.618016-04,2014-08-08 12:49:51.827448-04
439,1445,2015-04-01 00:00:00-04,2015-04-15 00:00:00-04,2015-04-01 15:23:50.798732-04,2017-02-27 08:46:44.35067-05
128,1965,2013-11-09 18:34:46.300777-05,2013-11-12 09:32:05.97933-05,2014-08-01 13:17:14.805607-04,2014-08-01 13:17:14.80562-04
259,2485,2013-07-18 12:00:00-04,2013-07-19 12:00:00-04,2014-08-11 11:08:21.187001-04,2014-08-11 11:08:21.187017-04
261,2501,2013-07-19 12:00:00-04,2013-07-20 00:00:00-04,2014-08-11 11:25:03.806415-04,2014-08-11 11:25:03.806429-04
559,1661,2015-11-30 00:00:00-05,2015-12-18 00:00:00-05,2015-11-30 12:13:14.55455-05,2015-11-30 12:13:14.554566-05
267,2425,2012-06-01 00:00:00-04,2012-06-02 00:00:00-04,2014-08-13 15:32:25.454809-04,2014-08-13 15:32:25.454826-04
314,1509,2014-09-03 00:00:00-04,2014-09-29 00:00:00-04,2014-09-03 13:22:08.62579-04,2014-09-03 13:22:08.625806-04
271,1855,2012-06-01 00:00:00-04,2012-06-02 00:00:00-04,2014-08-13 15:40:08.94901-04,2014-08-13 15:40:08.949026-04
273,1106,2012-06-01 00:00:00-04,2012-06-02 00:00:00-04,2014-08-13 15:45:09.525367-04,2014-08-13 15:45:09.525381-04
316,1506,2014-09-03 00:00:00-04,2014-09-29 00:00:00-04,2014-09-03 13:22:29.007865-04,2014-09-03 13:22:29.00788-04
318,1516,2014-09-03 00:00:00-04,2014-09-29 00:00:00-04,2014-09-03 13:22:47.06384-04,2014-09-03 13:22:47.063857-04
177,1380,2014-01-16 15:38:43-05,2014-02-26 09:52:38-05,2014-08-01 13:17:15.650988-04,2014-08-08 12:50:35.188224-04
322,1502,2014-09-03 00:00:00-04,2014-09-29 00:00:00-04,2014-09-03 13:23:26.861569-04,2014-09-03 13:23:26.861586-04
324,1522,2014-09-03 00:00:00-04,2014-09-29 00:00:00-04,2014-09-03 13:23:42.229193-04,2014-09-03 13:23:42.229211-04
152,75,2013-12-13 14:49:38.30323-05,2013-12-27 16:50:35.31472-05,2014-08-01 13:17:15.131964-04,2014-08-01 13:17:15.131978-04
145,1376,2014-01-16 00:00:00-05,2014-02-26 00:00:00-05,2014-08-01 13:17:15.079838-04,2017-06-14 14:33:59.142253-04
291,2426,2012-05-31 00:00:00-04,2012-06-02 00:00:00-04,2014-08-14 15:12:01.123389-04,2014-08-14 15:12:01.123406-04
244,1890,2014-08-07 00:00:00-04,2014-08-14 00:00:00-04,2014-08-07 17:38:08.387648-04,2015-04-17 11:58:40.756833-04
162,1727,2013-11-06 10:12:00.754848-05,2013-11-06 10:12:00.754848-05,2014-08-01 13:17:15.374986-04,2014-08-01 13:17:15.375004-04
484,1894,2015-04-27 00:00:00-04,2015-05-11 00:00:00-04,2015-04-17 12:00:27.010669-04,2015-04-17 12:00:27.010682-04
167,1799,2014-03-18 12:52:39.124898-04,2014-03-28 11:00:35.364674-04,2014-08-01 13:17:15.590953-04,2014-08-01 13:17:15.590967-04
299,1898,2014-08-13 00:00:00-04,2014-12-31 00:00:00-05,2014-08-14 15:35:32.823666-04,2015-04-17 11:59:01.498628-04
306,68,2014-08-05 00:00:00-04,2014-08-28 00:00:00-04,2014-08-28 10:14:01.477851-04,2014-08-28 10:14:01.477865-04
480,1898,2015-04-27 00:00:00-04,2015-05-11 00:00:00-04,2015-04-17 11:59:01.504055-04,2015-04-17 11:59:01.50407-04
123,507,2014-04-23 00:00:00-04,2014-05-13 00:00:00-04,2014-08-01 13:17:14.757817-04,2015-04-09 01:03:00.537839-04
159,2205,2013-12-02 00:00:00-05,2014-01-09 00:00:00-05,2014-08-01 13:17:15.334737-04,2014-09-18 16:40:45.986019-04
452,507,2011-05-05 00:00:00-04,2011-05-27 00:00:00-04,2015-04-09 01:03:00.540551-04,2015-04-09 01:03:00.540566-04
339,2205,2014-09-18 00:00:00-04,2014-10-02 00:00:00-04,2014-09-18 16:40:45.988441-04,2014-09-18 16:40:45.988454-04
208,1857,2014-05-15 00:00:00-04,2014-06-03 00:00:00-04,2014-08-01 13:17:16.342677-04,2015-04-09 14:06:00.71902-04
456,1977,2015-05-01 00:00:00-04,2015-05-15 00:00:00-04,2015-04-14 12:35:55.234392-04,2015-04-14 12:35:55.234409-04
195,1793,2014-03-20 12:08:58-04,2014-04-03 08:59:57-04,2014-08-01 13:17:15.877449-04,2014-08-08 12:51:31.484471-04
346,1928,2014-10-08 00:00:00-04,2014-10-25 00:00:00-04,2014-10-08 09:46:20.986234-04,2014-10-08 09:46:20.98625-04
193,1924,2014-03-14 00:00:00-04,2014-04-14 00:00:00-04,2014-08-01 13:17:15.863365-04,2014-10-08 09:48:22.716716-04
348,1924,2014-10-08 00:00:00-04,2014-10-25 00:00:00-04,2014-10-08 09:48:22.744813-04,2014-10-08 09:48:22.744831-04
431,611,2015-03-31 00:00:00-04,2015-05-05 00:00:00-04,2015-03-30 09:01:06.595311-04,2015-03-30 09:01:17.524565-04
203,2183,2014-01-16 16:24:12-05,2014-03-02 09:04:13-05,2014-08-01 13:17:16.128575-04,2014-08-08 12:52:17.799832-04
205,1790,2014-03-18 16:59:59-04,2014-04-05 11:28:01-04,2014-08-01 13:17:16.150718-04,2014-08-08 12:52:31.621158-04
211,1851,2014-06-02 17:00:54-04,2014-06-27 14:42:13-04,2014-08-01 13:17:16.489393-04,2014-08-08 12:52:58.10455-04
217,1373,2014-01-17 16:39:20-05,2014-02-26 20:32:26-05,2014-08-01 13:17:16.518596-04,2014-08-08 12:54:33.735069-04
391,804,2015-02-10 00:00:00-05,2015-02-24 00:00:00-05,2015-02-09 13:00:35.894766-05,2015-02-09 13:00:35.894782-05
246,2443,2013-07-18 00:00:00-04,2013-07-24 00:00:00-04,2014-08-08 14:58:12.004724-04,2014-08-08 14:59:24.388264-04
356,1076,2014-10-16 00:00:00-04,2014-10-30 00:00:00-04,2014-10-10 08:39:15.694252-04,2014-10-10 08:39:21.551344-04
435,2822,2014-09-03 00:00:00-04,2014-09-29 00:00:00-04,2015-03-30 11:51:51.969932-04,2015-03-30 11:51:51.96995-04
361,1452,2014-10-23 00:00:00-04,2014-11-11 00:00:00-05,2014-10-22 11:33:41.073867-04,2014-10-22 11:33:41.073886-04
392,1367,2015-02-18 00:00:00-05,2015-03-06 00:00:00-05,2015-02-18 06:45:47.609335-05,2015-02-18 06:45:47.609354-05
363,676,2014-10-24 00:00:00-04,2014-11-07 00:00:00-05,2014-10-23 13:41:30.83543-04,2014-10-23 13:42:13.334054-04
326,1512,2014-09-03 00:00:00-04,2014-09-29 00:00:00-04,2014-09-03 13:24:06.427008-04,2014-10-23 15:57:57.860435-04
365,1512,2014-10-23 00:00:00-04,2014-10-30 00:00:00-04,2014-10-23 15:57:57.877773-04,2014-10-23 15:57:57.877787-04
367,1453,2014-10-24 00:00:00-04,2014-11-11 00:00:00-05,2014-10-24 12:28:20.671705-04,2014-10-24 12:28:20.671722-04
328,1492,2014-09-03 00:00:00-04,2014-09-29 00:00:00-04,2014-09-03 13:24:47.477341-04,2014-10-29 15:54:45.823828-04
368,1492,2014-10-29 00:00:00-04,2014-11-05 00:00:00-05,2014-10-29 15:54:45.826665-04,2014-10-29 15:54:45.826679-04
337,1357,2014-09-15 00:00:00-04,2014-09-30 00:00:00-04,2014-09-12 13:36:26.186173-04,2014-10-30 14:14:15.928277-04
320,1493,2014-09-03 00:00:00-04,2014-09-30 00:00:00-04,2014-09-03 13:23:10.910788-04,2014-10-30 16:42:17.482232-04
369,1498,2014-10-31 00:00:00-04,2014-11-07 00:00:00-05,2014-10-31 10:08:24.151069-04,2014-10-31 10:08:24.151083-04
334,1500,2014-09-03 00:00:00-04,2014-09-29 00:00:00-04,2014-09-03 13:26:54.254702-04,2014-10-31 15:05:50.047401-04
370,1500,2014-10-31 00:00:00-04,2014-11-07 00:00:00-05,2014-10-31 15:05:50.050395-04,2014-10-31 15:05:50.050409-04
330,1514,2014-09-03 00:00:00-04,2014-09-30 00:00:00-04,2014-09-03 13:26:04.435754-04,2014-11-03 15:27:30.617486-05
371,1514,2014-11-03 00:00:00-05,2014-11-10 00:00:00-05,2014-11-03 15:27:30.620082-05,2014-11-03 15:27:30.620098-05
372,959,2014-11-07 00:00:00-05,2014-11-21 00:00:00-05,2014-11-06 16:28:35.771419-05,2014-11-06 16:28:35.771436-05
374,960,2014-11-07 00:00:00-05,2014-11-21 00:00:00-05,2014-11-06 17:12:18.867105-05,2014-11-06 17:12:18.867122-05
376,508,2014-11-19 00:00:00-05,2014-12-04 00:00:00-05,2014-11-19 15:36:56.036705-05,2014-11-19 15:36:56.036721-05
379,826,2014-12-08 00:00:00-05,2014-12-19 00:00:00-05,2014-12-05 15:21:43.33795-05,2014-12-05 15:21:43.337967-05
381,1501,2014-12-08 00:00:00-05,2015-01-15 00:00:00-05,2014-12-15 19:51:06.034561-05,2014-12-15 19:51:21.79267-05
396,1675,2015-03-12 00:00:00-04,2015-03-26 00:00:00-04,2015-02-23 14:13:39.048647-05,2015-02-23 14:13:45.101619-05
444,1436,2015-04-02 00:00:00-04,2015-04-16 00:00:00-04,2015-04-02 19:48:33.556152-04,2015-04-02 19:48:38.086564-04
400,1069,2015-04-08 00:00:00-04,2015-04-22 00:00:00-04,2015-02-27 15:01:53.766878-05,2015-02-27 15:01:53.766892-05
163,1860,2014-05-15 00:00:00-04,2014-05-29 00:00:00-04,2014-08-01 13:17:15.561459-04,2015-04-09 00:18:11.647245-04
236,1886,2014-08-07 00:00:00-04,2014-08-14 00:00:00-04,2014-08-07 17:36:29.935234-04,2015-04-17 11:59:44.234528-04
384,2418,2015-01-12 00:00:00-05,2015-01-27 00:00:00-05,2015-01-05 11:56:47.366253-05,2015-04-21 14:57:30.214025-04
405,1070,2015-03-11 00:00:00-04,2015-03-25 00:00:00-04,2015-03-04 14:06:10.905055-05,2015-03-04 14:06:15.772606-05
354,1070,2014-10-16 00:00:00-04,2014-10-30 00:00:00-04,2014-10-10 08:37:20.778119-04,2015-03-04 14:06:15.789503-05
458,742,2015-03-03 00:00:00-05,2015-03-17 00:00:00-04,2015-04-16 13:00:44.10609-04,2015-04-21 16:01:00.583153-04
415,2092,2015-04-01 00:00:00-04,2015-04-15 00:00:00-04,2015-03-23 11:43:27.876884-04,2015-04-21 17:16:52.875565-04
468,1854,2012-06-01 00:00:00-04,2012-06-15 00:00:00-04,2015-04-16 16:27:48.59052-04,2015-04-16 16:27:48.590534-04
470,1848,2012-06-01 00:00:00-04,2012-06-15 00:00:00-04,2015-04-16 16:34:49.392605-04,2015-04-16 16:34:49.392618-04
474,162,2015-04-29 00:00:00-04,2015-05-15 00:00:00-04,2015-04-17 09:31:16.244854-04,2015-04-17 09:31:16.244868-04
472,741,2015-04-27 00:00:00-04,2015-05-11 00:00:00-04,2015-04-17 09:28:32.351885-04,2015-04-17 11:19:26.723779-04
478,1893,2015-04-27 00:00:00-04,2015-05-11 00:00:00-04,2015-04-17 11:58:19.021666-04,2015-04-17 11:58:19.021679-04
482,1886,2015-04-27 00:00:00-04,2015-05-11 00:00:00-04,2015-04-17 11:59:44.236807-04,2015-04-17 11:59:44.23682-04
301,1892,2014-08-13 00:00:00-04,2014-12-31 00:00:00-05,2014-08-14 15:38:31.345371-04,2015-04-17 12:00:04.332343-04
386,1894,2015-01-22 00:00:00-05,2015-01-23 00:00:00-05,2015-01-22 14:13:10.719079-05,2015-04-17 12:00:27.005396-04
508,1405,2015-05-12 00:00:00-04,2015-05-27 00:00:00-04,2015-05-12 16:10:07.293461-04,2015-05-12 16:10:07.293478-04
513,609,2015-05-11 00:00:00-04,2015-05-29 00:00:00-04,2015-05-26 12:18:11.853658-04,2015-05-29 21:03:18.525868-04
433,609,2015-03-31 00:00:00-04,2015-05-05 00:00:00-04,2015-03-30 09:02:52.674973-04,2015-05-29 21:03:18.536025-04
312,1494,2014-09-03 00:00:00-04,2014-09-29 00:00:00-04,2014-09-03 13:20:45.952886-04,2015-09-03 10:23:34.996967-04
545,810,2015-09-03 00:00:00-04,2015-09-17 00:00:00-04,2015-09-03 10:24:10.991478-04,2015-09-03 10:24:10.991494-04
538,2072,2015-08-28 00:00:00-04,2015-09-14 00:00:00-04,2015-08-28 09:34:13.640484-04,2015-10-15 09:49:03.272374-04
554,2072,2015-10-15 00:00:00-04,2015-10-30 00:00:00-04,2015-10-15 09:49:03.276148-04,2015-10-15 09:49:03.276162-04
569,118,2016-02-22 00:00:00-05,2016-03-07 00:00:00-05,2016-02-15 14:43:31.372244-05,2016-02-15 14:43:31.372259-05
571,2826,2016-02-22 00:00:00-05,2016-03-07 00:00:00-05,2016-02-15 14:44:33.249717-05,2016-02-15 14:44:33.249734-05
573,1256,2016-03-01 00:00:00-05,2016-03-15 00:00:00-04,2016-02-25 11:04:35.09311-05,2016-02-26 11:32:06.119502-05
575,1256,2016-02-26 00:00:00-05,2016-02-27 00:00:00-05,2016-02-26 11:32:06.125667-05,2016-02-26 11:32:06.12568-05
579,1247,2016-04-07 00:00:00-04,2016-04-26 00:00:00-04,2016-04-07 15:32:32.635657-04,2016-04-07 15:32:32.635673-04
580,375,2016-04-29 00:00:00-04,2016-05-13 00:00:00-04,2016-04-26 15:16:38.380138-04,2016-04-26 15:16:38.380155-04
581,942,2016-04-04 00:00:00-04,2016-04-18 00:00:00-04,2016-05-02 16:22:52.752523-04,2016-05-02 16:22:52.75254-04
582,249,2016-05-13 00:00:00-04,2016-05-28 00:00:00-04,2016-05-10 15:28:54.302186-04,2016-05-10 15:28:54.3022-04
445,382,2015-04-03 00:00:00-04,2015-04-17 00:00:00-04,2015-04-03 17:01:21.879378-04,2016-05-25 16:29:02.033886-04
583,382,2016-06-03 00:00:00-04,2016-06-17 00:00:00-04,2016-05-25 16:29:02.080015-04,2016-05-25 16:29:02.080041-04
584,87,2016-06-02 00:00:00-04,2016-06-16 00:00:00-04,2016-06-02 12:29:43.269153-04,2016-06-02 12:29:43.269169-04
585,89,2016-06-02 00:00:00-04,2016-06-16 00:00:00-04,2016-06-02 12:31:49.146423-04,2016-06-02 12:31:49.146441-04
586,92,2016-06-02 00:00:00-04,2016-06-16 00:00:00-04,2016-06-02 12:32:50.954157-04,2016-06-02 12:32:50.954174-04
587,2350,2016-09-15 00:00:00-04,2016-09-30 00:00:00-04,2016-09-07 16:18:29.503499-04,2016-09-07 16:18:29.503513-04
588,253,2016-10-06 00:00:00-04,2016-10-28 00:00:00-04,2016-10-05 11:46:17.679785-04,2016-10-05 11:46:17.679801-04
441,1437,2015-04-01 00:00:00-04,2015-04-15 00:00:00-04,2015-04-01 15:25:59.744315-04,2017-02-16 11:07:23.983347-05
589,1274,2016-11-15 00:00:00-05,2016-11-29 00:00:00-05,2016-11-15 08:22:50.372893-05,2016-11-15 08:22:50.372907-05
590,2830,2016-11-07 00:00:00-05,2016-11-21 00:00:00-05,2016-11-16 09:05:03.342586-05,2016-11-16 09:05:03.342603-05
591,1450,2016-11-18 00:00:00-05,2016-12-02 00:00:00-05,2016-11-17 14:21:06.969788-05,2016-11-17 14:21:06.969805-05
592,1266,2016-12-20 00:00:00-05,2017-01-03 00:00:00-05,2016-12-20 14:19:57.984406-05,2016-12-20 14:19:57.984423-05
594,1776,2017-01-19 00:00:00-05,2017-02-02 00:00:00-05,2017-01-12 12:05:16.502202-05,2017-01-12 12:05:16.502218-05
595,766,2017-02-08 00:00:00-05,2017-02-22 00:00:00-05,2017-01-13 12:15:46.308682-05,2017-01-13 12:15:46.308698-05
550,69,2015-10-08 00:00:00-04,2015-10-22 00:00:00-04,2015-09-21 16:26:53.211079-04,2017-01-13 14:46:12.956204-05
596,69,2017-01-12 00:00:00-05,2017-01-27 00:00:00-05,2017-01-13 14:46:12.959394-05,2017-01-13 14:46:12.959408-05
597,1257,2017-01-24 00:00:00-05,2017-02-07 00:00:00-05,2017-01-24 11:24:39.045424-05,2017-01-24 11:24:39.045438-05
598,447,2017-02-15 00:00:00-05,2017-03-01 00:00:00-05,2017-02-02 09:17:32.812215-05,2017-02-02 09:17:32.812231-05
599,448,2017-02-15 00:00:00-05,2017-03-01 00:00:00-05,2017-02-02 09:19:48.189953-05,2017-02-02 09:19:48.189969-05
609,2422,2017-03-31 00:00:00-04,2017-04-14 00:00:00-04,2017-03-15 14:54:10.996543-04,2017-03-15 14:54:10.996558-04
610,805,2017-04-03 00:00:00-04,2017-04-17 00:00:00-04,2017-03-29 15:48:21.838873-04,2017-03-29 15:48:21.838891-04
602,1253,2017-02-08 00:00:00-05,2017-02-22 00:00:00-05,2017-02-08 11:39:43.566731-05,2017-02-08 11:40:07.167098-05
593,1253,2017-01-10 00:00:00-05,2017-01-24 00:00:00-05,2017-01-10 08:59:48.229948-05,2017-02-08 11:40:07.181642-05
613,582,2017-04-29 00:00:00-04,2017-05-13 00:00:00-04,2017-04-29 22:39:55.168754-04,2017-04-29 22:39:55.168771-04
614,1633,2017-05-08 00:00:00-04,2017-05-26 00:00:00-04,2017-05-08 11:49:51.897303-04,2017-05-19 20:43:15.595091-04
612,1633,2017-04-26 00:00:00-04,2017-04-27 00:00:00-04,2017-04-26 12:49:55.849254-04,2017-05-19 20:43:15.597473-04
615,1633,2017-05-26 00:00:00-04,2017-06-02 00:00:00-04,2017-05-19 20:43:15.607437-04,2017-05-19 20:43:15.607451-04
611,1375,2017-04-11 00:00:00-04,2017-04-14 00:00:00-04,2017-04-11 15:57:56.281916-04,2017-05-23 14:13:24.330195-04
608,1375,2017-03-13 00:00:00-04,2017-03-15 00:00:00-04,2017-03-13 13:34:56.385944-04,2017-05-23 14:13:24.340968-04
603,2832,2017-02-15 00:00:00-05,2017-03-01 00:00:00-05,2017-02-15 17:54:54.148103-05,2017-02-15 17:54:54.14812-05
604,1444,2017-02-27 00:00:00-05,2017-03-10 00:00:00-05,2017-02-16 11:07:00.435569-05,2017-02-16 11:07:00.435582-05
605,1434,2017-02-27 00:00:00-05,2017-03-10 00:00:00-05,2017-02-16 11:07:12.405995-05,2017-02-16 11:07:12.406009-05
606,1437,2017-02-27 00:00:00-05,2017-03-10 00:00:00-05,2017-02-16 11:07:23.99361-05,2017-02-16 11:07:23.993624-05
617,1375,2017-05-24 00:00:00-04,2017-06-12 00:00:00-04,2017-05-23 14:13:24.345632-04,2017-05-23 14:13:24.345645-04
618,288,2017-06-13 00:00:00-04,2017-06-14 00:00:00-04,2017-06-13 14:16:31.780599-04,2017-06-13 14:16:31.780615-04
616,1376,2017-05-24 00:00:00-04,2017-06-12 00:00:00-04,2017-05-23 14:12:47.627371-04,2017-06-14 14:33:59.132217-04
619,1376,2017-06-14 00:00:00-04,2017-06-30 00:00:00-04,2017-06-14 14:33:59.145119-04,2017-06-14 14:33:59.145133-04
620,146,2017-06-02 00:00:00-04,2017-06-16 00:00:00-04,2017-07-10 12:39:41.693662-04,2017-07-10 12:39:41.693679-04
621,143,2017-06-02 00:00:00-04,2017-06-16 00:00:00-04,2017-07-10 14:20:17.750254-04,2017-07-10 14:20:17.75027-04
622,140,2017-06-02 00:00:00-04,2017-06-16 00:00:00-04,2017-07-10 14:55:35.057688-04,2017-07-10 14:55:35.057705-04
623,156,2017-06-02 00:00:00-04,2017-06-16 00:00:00-04,2017-07-10 14:59:41.841973-04,2017-07-10 14:59:41.84199-04
624,144,2017-06-02 00:00:00-04,2017-06-16 00:00:00-04,2017-07-10 15:00:55.822041-04,2017-07-10 15:00:55.822058-04
625,138,2017-06-02 00:00:00-04,2017-06-16 00:00:00-04,2017-07-10 15:07:25.711282-04,2017-07-10 15:07:25.711298-04
626,2833,2017-06-02 00:00:00-04,2017-06-16 00:00:00-04,2017-07-21 10:41:46.23444-04,2017-07-21 10:47:30.688759-04
